IP,id,id2,counter,core_temp,ADC1,ADC2,ADC3,battery
fd00::212:4b00:615:aaee,171,0,151,24762,17460,0,1492,3229
fd00::212:4b00:615:aaee,171,0,152,24762,17448,0,1492,3231
fd00::212:4b00:615:aaee,171,0,153,24762,17444,0,1492,3235
fd00::212:4b00:615:aaee,171,0,154,24762,17440,0,1488,3235
fd00::212:4b00:615:aaee,171,0,155,24524,17444,0,1492,3233
fd00::212:4b00:615:aaee,171,0,156,24762,17436,0,1488,3235
fd00::212:4b00:615:aaee,171,0,157,25000,17440,0,1492,3236
fd00::212:4b00:615:aaee,171,0,158,25000,17436,0,1492,3235
fd00::212:4b00:615:aaee,171,0,159,25000,17428,0,1492,3235
fd00::212:4b00:615:aaee,171,0,160,25000,17428,0,1492,3234
fd00::212:4b00:615:aaee,171,0,161,25000,17428,0,1492,3236
fd00::212:4b00:615:aaee,171,0,162,24524,17432,0,1492,3234
fd00::212:4b00:615:aaee,171,0,163,25000,17432,0,1492,3236
fd00::212:4b00:615:aaee,171,0,164,24762,17436,0,1488,3234
fd00::212:4b00:615:aaee,171,0,165,24524,17432,0,1492,3233
fd00::212:4b00:615:aaee,171,0,166,24762,17428,0,1492,3235
fd00::212:4b00:615:aaee,171,0,167,24762,17428,0,1492,3235
fd00::212:4b00:615:aaee,171,0,168,24762,17432,0,1492,3236
fd00::212:4b00:615:aaee,171,0,169,24524,17432,0,1492,3233
fd00::212:4b00:615:aaee,171,0,170,24762,17436,0,1492,3234
fd00::212:4b00:615:aaee,171,0,171,24524,17432,0,1492,3233
fd00::212:4b00:615:aaee,171,0,172,25000,17432,0,1492,3235
fd00::212:4b00:615:aaee,171,0,173,24762,17436,0,1492,3233
fd00::212:4b00:615:aaee,171,0,174,24762,17428,0,1492,3233
fd00::212:4b00:615:aaee,171,0,175,25000,17424,0,1496,3232
fd00::212:4b00:615:aaee,171,0,176,24524,17508,0,1492,3218
fd00::212:4b00:615:aaee,171,0,177,24524,17472,0,1492,3225
fd00::212:4b00:615:aaee,171,0,178,23810,17472,0,1492,3225
fd00::212:4b00:615:aaee,171,0,179,24048,17468,0,1488,3227
fd00::212:4b00:615:aaee,171,0,180,23810,17464,0,1488,3225
fd00::212:4b00:615:aaee,171,0,181,23572,17460,0,1492,3226
fd00::212:4b00:615:aaee,171,0,182,23572,17464,0,1492,3225
fd00::212:4b00:615:aaee,171,0,183,23572,17460,0,1492,3228
fd00::212:4b00:615:aaee,171,0,184,23572,17460,0,1492,3229
fd00::212:4b00:615:aaee,171,0,185,23572,17468,0,1488,3228
fd00::212:4b00:615:aaee,171,0,186,23334,17464,0,1488,3225
fd00::212:4b00:615:aaee,171,0,187,23572,17460,0,1492,3228
fd00::212:4b00:615:aaee,171,0,188,23810,17460,0,1492,3228
fd00::212:4b00:615:aaee,171,0,189,23572,17460,0,1492,3226
fd00::212:4b00:615:aaee,171,0,190,23572,17456,0,1492,3226
fd00::212:4b00:615:aaee,171,0,191,23572,17452,0,1492,3225
fd00::212:4b00:615:aaee,171,0,192,23334,17456,0,1492,3226
fd00::212:4b00:615:aaee,171,0,193,23096,17456,0,1492,3225
fd00::212:4b00:615:aaee,171,0,194,23572,17460,0,1492,3228
fd00::212:4b00:615:aaee,171,0,195,23334,17460,0,1488,3225
fd00::212:4b00:615:aaee,171,0,196,23096,17456,0,1492,3225
fd00::212:4b00:615:aaee,171,0,197,23334,17456,0,1492,3226
fd00::212:4b00:615:aaee,171,0,198,23334,17456,0,1492,3227
fd00::212:4b00:615:aaee,171,0,199,23096,17452,0,1492,3225
fd00::212:4b00:615:aaee,171,0,200,23334,17460,0,1492,3226
fd00::212:4b00:615:aaee,171,0,201,23334,17460,0,1488,3225
fd00::212:4b00:615:aaee,171,0,202,23096,17460,0,1492,3225
fd00::212:4b00:615:aaee,171,0,203,23572,17460,0,1492,3225
fd00::212:4b00:615:aaee,171,0,204,23334,17456,0,1492,3224
fd00::212:4b00:615:aaee,171,0,205,23572,17456,0,1492,3225
fd00::212:4b00:615:aaee,171,0,206,23334,17452,0,1492,3224
fd00::212:4b00:615:aaee,171,0,207,23096,17452,0,1492,3222
fd00::212:4b00:615:aaee,171,0,208,23572,17456,0,1492,3225
fd00::212:4b00:615:aaee,171,0,209,23096,17456,0,1492,3223
fd00::212:4b00:615:aaee,171,0,210,23334,17460,0,1492,3225
fd00::212:4b00:615:aaee,171,0,211,23096,17456,0,1492,3224
fd00::212:4b00:615:aaee,171,0,212,23096,17456,0,1492,3222
fd00::212:4b00:615:aaee,171,0,213,23096,17456,0,1492,3222
fd00::212:4b00:615:aaee,171,0,214,23096,17452,0,1492,3224
fd00::212:4b00:615:aaee,171,0,215,23334,17456,0,1492,3225
fd00::212:4b00:615:aaee,171,0,216,23334,17460,0,1492,3225
fd00::212:4b00:615:aaee,171,0,217,23096,17456,0,1488,3222
fd00::212:4b00:615:aaee,171,0,218,23572,17452,0,1492,3224
fd00::212:4b00:615:aaee,171,0,219,23572,17456,0,1492,3223
fd00::212:4b00:615:aaee,171,0,220,23572,17460,0,1492,3223
fd00::212:4b00:615:aaee,171,0,221,23334,17456,0,1492,3222
fd00::212:4b00:615:aaee,171,0,222,23334,17452,0,1492,3221
fd00::212:4b00:615:aaee,171,0,223,23334,17452,0,1492,3222
fd00::212:4b00:615:aaee,171,0,224,23334,17452,0,1492,3221
fd00::212:4b00:615:aaee,171,0,225,23572,17456,0,1492,3222
fd00::212:4b00:615:aaee,171,0,226,23096,17460,0,1492,3221
fd00::212:4b00:615:aaee,171,0,227,23334,17456,0,1492,3221
fd00::212:4b00:615:aaee,171,0,228,23572,17452,0,1488,3222
fd00::212:4b00:615:aaee,171,0,229,23334,17456,0,1492,3222
fd00::212:4b00:615:aaee,171,0,230,23096,17452,0,1492,3220
fd00::212:4b00:615:aaee,171,0,231,23096,17460,0,1488,3220
fd00::212:4b00:615:aaee,171,0,232,23096,17460,0,1488,3220
fd00::212:4b00:615:aaee,171,0,233,23096,17456,0,1492,3219
fd00::212:4b00:615:aaee,171,0,234,23572,17460,0,1492,3222
fd00::212:4b00:615:aaee,171,0,235,23096,17456,0,1492,3220
fd00::212:4b00:615:aaee,171,0,236,23334,17456,0,1492,3220
fd00::212:4b00:615:aaee,171,0,237,23334,17452,0,1492,3219
fd00::212:4b00:615:aaee,171,0,238,23096,17448,0,1492,3218
fd00::212:4b00:615:aaee,171,0,239,23572,17452,0,1492,3220
fd00::212:4b00:615:aaee,171,0,240,23096,17456,0,1492,3219
fd00::212:4b00:615:aaee,171,0,241,23334,17460,0,1492,3220
fd00::212:4b00:615:aaee,171,0,242,23096,17460,0,1492,3218
fd00::212:4b00:615:aaee,171,0,243,23096,17456,0,1492,3219
fd00::212:4b00:615:aaee,171,0,244,23096,17456,0,1492,3217
fd00::212:4b00:615:aaee,171,0,245,23334,17456,0,1492,3219
fd00::212:4b00:615:aaee,171,0,246,23572,17460,0,1492,3219
fd00::212:4b00:615:aaee,171,0,247,23334,17460,0,1492,3219
fd00::212:4b00:615:aaee,171,0,248,23096,17460,0,1488,3217
fd00::212:4b00:615:aaee,171,0,249,23572,17456,0,1492,3219
fd00::212:4b00:615:aaee,171,0,250,23572,17456,0,1492,3218
fd00::212:4b00:615:aaee,171,0,251,23572,17460,0,1492,3216
fd00::212:4b00:615:aaee,171,0,252,23334,17456,0,1492,3217
fd00::212:4b00:615:aaee,171,0,253,23334,17452,0,1492,3215
fd00::212:4b00:615:aaee,171,0,254,23334,17456,0,1492,3217
fd00::212:4b00:615:aaee,171,0,255,23096,17456,0,1492,3215
fd00::212:4b00:615:aaee,171,0,256,23572,17460,0,1492,3217
fd00::212:4b00:615:aaee,171,0,257,23334,17460,0,1488,3215
fd00::212:4b00:615:aaee,171,0,258,23334,17460,0,1492,3215
fd00::212:4b00:615:aaee,171,0,259,23334,17456,0,1492,3215
fd00::212:4b00:615:aaee,171,0,260,23334,17456,0,1492,3215
fd00::212:4b00:615:aaee,171,0,261,23096,17456,0,1492,3212
fd00::212:4b00:615:aaee,171,0,262,23096,17464,0,1492,3213
fd00::212:4b00:615:aaee,171,0,263,23096,17464,0,1488,3213
fd00::212:4b00:615:aaee,171,0,264,23096,17460,0,1492,3213
fd00::212:4b00:615:aaee,171,0,265,23572,17460,0,1492,3214
fd00::212:4b00:615:aaee,171,0,266,23096,17460,0,1492,3212
fd00::212:4b00:615:aaee,171,0,267,23334,17460,0,1492,3212
fd00::212:4b00:615:aaee,171,0,268,23572,17456,0,1496,3212
fd00::212:4b00:615:aaee,171,0,269,23096,17452,0,1492,3210
fd00::212:4b00:615:aaee,171,0,270,23572,17456,0,1492,3213
fd00::212:4b00:615:aaee,171,0,271,23096,17460,0,1492,3211
fd00::212:4b00:615:aaee,171,0,272,23572,17464,0,1492,3213
fd00::212:4b00:615:aaee,171,0,273,23096,17460,0,1492,3210
fd00::212:4b00:615:aaee,171,0,274,23334,17456,0,1492,3210
fd00::212:4b00:615:aaee,171,0,275,23334,17456,0,1492,3210
fd00::212:4b00:615:aaee,171,0,276,23334,17460,0,1492,3211
fd00::212:4b00:615:aaee,171,0,277,23334,17464,0,1492,3211
fd00::212:4b00:615:aaee,171,0,278,23572,17464,0,1488,3211
fd00::212:4b00:615:aaee,171,0,279,23334,17460,0,1488,3208
fd00::212:4b00:615:aaee,171,0,280,23572,17460,0,1492,3209
fd00::212:4b00:615:aaee,171,0,281,23572,17460,0,1492,3209
fd00::212:4b00:615:aaee,171,0,282,23572,17464,0,1496,3208
fd00::212:4b00:615:aaee,171,0,283,23334,17460,0,1492,3207
fd00::212:4b00:615:aaee,171,0,284,23334,17456,0,1492,3207
fd00::212:4b00:615:aaee,171,0,285,23334,17460,0,1492,3206
fd00::212:4b00:615:aaee,171,0,286,23334,17460,0,1492,3205
fd00::212:4b00:615:aaee,171,0,287,23572,17464,0,1492,3207
fd00::212:4b00:615:aaee,171,0,288,23334,17460,0,1492,3205
fd00::212:4b00:615:aaee,171,0,289,23096,17460,0,1492,3204
fd00::212:4b00:615:aaee,171,0,290,23334,17460,0,1496,3206
fd00::212:4b00:615:aaee,171,0,291,23334,17460,0,1492,3206
fd00::212:4b00:615:aaee,171,0,292,23096,17460,0,1492,3206
fd00::212:4b00:615:aaee,171,0,293,23096,17464,0,1492,3203
fd00::212:4b00:615:aaee,171,0,294,23334,17464,0,1492,3203
fd00::212:4b00:615:aaee,171,0,295,22858,17464,0,1488,3202
fd00::212:4b00:615:aaee,171,0,296,23334,17464,0,1488,3203
fd00::212:4b00:615:aaee,171,0,297,23096,17464,0,1492,3201
fd00::212:4b00:615:aaee,171,0,298,23334,17460,0,1492,3202
fd00::212:4b00:615:aaee,171,0,299,23334,17456,0,1492,3200
fd00::212:4b00:615:aaee,171,0,300,23096,17456,0,1492,3199
fd00::212:4b00:615:aaee,171,0,301,23334,17460,0,1488,3201
fd00::212:4b00:615:aaee,171,0,302,22858,17464,0,1492,3199
fd00::212:4b00:615:aaee,171,0,303,23334,17464,0,1492,3201
fd00::212:4b00:615:aaee,171,0,304,22858,17464,0,1492,3198
fd00::212:4b00:615:aaee,171,0,305,23096,17464,0,1492,3199
fd00::212:4b00:615:aaee,171,0,306,22858,17464,0,1492,3197
fd00::212:4b00:615:aaee,171,0,307,23096,17464,0,1492,3198
fd00::212:4b00:615:aaee,171,0,308,23096,17464,0,1492,3198
fd00::212:4b00:615:aaee,171,0,309,23096,17468,0,1488,3198
fd00::212:4b00:615:aaee,171,0,310,22858,17468,0,1488,3195
fd00::212:4b00:615:aaee,171,0,311,23096,17464,0,1492,3196
fd00::212:4b00:615:aaee,171,0,312,23096,17464,0,1492,3195
fd00::212:4b00:615:aaee,171,0,313,23096,17464,0,1492,3194
fd00::212:4b00:615:aaee,171,0,314,23096,17460,0,1492,3193
fd00::212:4b00:615:aaee,171,0,315,23096,17456,0,1492,3192
fd00::212:4b00:615:aaee,171,0,316,22858,17464,0,1492,3191
fd00::212:4b00:615:aaee,171,0,317,22858,17464,0,1492,3191
fd00::212:4b00:615:aaee,171,0,318,23096,17464,0,1492,3191
fd00::212:4b00:615:aaee,171,0,319,22858,17464,0,1492,3189
fd00::212:4b00:615:aaee,171,0,320,22858,17464,0,1492,3188
fd00::212:4b00:615:aaee,171,0,321,23096,17468,0,1492,3189
fd00::212:4b00:615:aaee,171,0,322,22858,17464,0,1492,3189
fd00::212:4b00:615:aaee,171,0,323,22620,17464,0,1492,3187
fd00::212:4b00:615:aaee,171,0,324,22620,17468,0,1492,3186
fd00::212:4b00:615:aaee,171,0,325,22620,17472,0,1488,3185
fd00::212:4b00:615:aaee,171,0,326,22858,17468,0,1492,3185
fd00::212:4b00:615:aaee,171,0,327,23096,17468,0,1492,3186
fd00::212:4b00:615:aaee,171,0,328,22620,17468,0,1492,3184
fd00::212:4b00:615:aaee,171,0,329,22858,17468,0,1492,3183
fd00::212:4b00:615:aaee,171,0,330,22858,17464,0,1492,3182
fd00::212:4b00:615:aaee,171,0,331,22620,17460,0,1492,3180
fd00::212:4b00:615:aaee,171,0,332,23096,17468,0,1492,3181
fd00::212:4b00:615:aaee,171,0,333,22620,17472,0,1492,3179
fd00::212:4b00:615:aaee,171,0,334,22858,17468,0,1492,3180
fd00::212:4b00:615:aaee,171,0,335,22620,17468,0,1492,3178
fd00::212:4b00:615:aaee,171,0,336,22620,17468,0,1492,3176
fd00::212:4b00:615:aaee,171,0,337,22620,17468,0,1492,3176
fd00::212:4b00:615:aaee,171,0,338,22858,17468,0,1492,3178
fd00::212:4b00:615:aaee,171,0,339,22620,17468,0,1492,3176
fd00::212:4b00:615:aaee,171,0,340,22858,17472,0,1488,3175
fd00::212:4b00:615:aaee,171,0,341,22620,17476,0,1492,3174
fd00::212:4b00:615:aaee,171,0,342,22858,17476,0,1492,3174
fd00::212:4b00:615:aaee,171,0,343,22858,17472,0,1492,3173
fd00::212:4b00:615:aaee,171,0,344,22858,17488,0,1492,3169
fd00::212:4b00:615:aaee,171,0,345,22620,17488,0,1496,3167
fd00::212:4b00:615:aaee,171,0,346,22620,17484,0,1492,3167
fd00::212:4b00:615:aaee,171,0,347,22620,17484,0,1492,3165
fd00::212:4b00:615:aaee,171,0,348,22381,17488,0,1492,3164
fd00::212:4b00:615:aaee,171,0,349,22858,17492,0,1492,3165
fd00::212:4b00:615:aaee,171,0,350,22381,17492,0,1492,3162
fd00::212:4b00:615:aaee,171,0,351,22381,17492,0,1492,3161
fd00::212:4b00:615:aaee,171,0,352,22620,17492,0,1496,3162
fd00::212:4b00:615:aaee,171,0,353,22620,17492,0,1492,3162
fd00::212:4b00:615:aaee,171,0,354,22381,17488,0,1492,3161
fd00::212:4b00:615:aaee,171,0,355,22381,17492,0,1492,3159
fd00::212:4b00:615:aaee,171,0,356,22620,17496,0,1488,3159
fd00::212:4b00:615:aaee,171,0,357,22381,17492,0,1492,3157
fd00::212:4b00:615:aaee,171,0,358,22620,17496,0,1492,3157
fd00::212:4b00:615:aaee,171,0,359,22381,17496,0,1496,3155
fd00::212:4b00:615:aaee,171,0,360,22620,17492,0,1496,3154
fd00::212:4b00:615:aaee,171,0,361,22620,17488,0,1492,3153
fd00::212:4b00:615:aaee,171,0,362,22381,17488,0,1492,3151
fd00::212:4b00:615:aaee,171,0,363,22620,17492,0,1492,3152
fd00::212:4b00:615:aaee,171,0,364,22381,17496,0,1492,3150
fd00::212:4b00:615:aaee,171,0,365,22620,17500,0,1492,3151
fd00::212:4b00:615:aaee,171,0,366,22381,17504,0,1492,3149
fd00::212:4b00:615:aaee,171,0,367,22381,17496,0,1492,3147
fd00::212:4b00:615:aaee,171,0,368,22143,17496,0,1492,3146
fd00::212:4b00:615:aaee,171,0,369,22381,17496,0,1492,3146
fd00::212:4b00:615:aaee,171,0,370,22381,17496,0,1492,3146
fd00::212:4b00:615:aaee,171,0,371,22381,17500,0,1492,3145
fd00::212:4b00:615:aaee,171,0,372,22143,17504,0,1492,3143
fd00::212:4b00:615:aaee,171,0,373,22620,17504,0,1492,3143
fd00::212:4b00:615:aaee,171,0,374,22620,17504,0,1492,3143
fd00::212:4b00:615:aaee,171,0,375,22381,17504,0,1492,3140
fd00::212:4b00:615:aaee,171,0,376,22381,17504,0,1496,3139
fd00::212:4b00:615:aaee,171,0,377,22620,17496,0,1492,3138
fd00::212:4b00:615:aaee,171,0,378,22381,17492,0,1492,3137
fd00::212:4b00:615:aaee,171,0,379,22143,17504,0,1492,3136
fd00::212:4b00:615:aaee,171,0,380,22620,17508,0,1492,3137
fd00::212:4b00:615:aaee,171,0,381,22143,17508,0,1492,3134
fd00::212:4b00:615:aaee,171,0,382,22143,17508,0,1492,3133
fd00::212:4b00:615:aaee,171,0,383,22381,17500,0,1492,3132
fd00::212:4b00:615:aaee,171,0,384,22381,17504,0,1496,3132
fd00::212:4b00:615:aaee,171,0,385,22143,17508,0,1492,3130
fd00::212:4b00:615:aaee,171,0,386,21905,17508,0,1492,3129
fd00::212:4b00:615:aaee,171,0,387,22143,17512,0,1488,3127
fd00::212:4b00:615:aaee,171,0,388,22143,17508,0,1492,3126
fd00::212:4b00:615:aaee,171,0,389,22381,17512,0,1492,3127
fd00::212:4b00:615:aaee,171,0,390,22143,17516,0,1496,3125
fd00::212:4b00:615:aaee,171,0,391,22381,17512,0,1496,3123
fd00::212:4b00:615:aaee,171,0,392,22381,17508,0,1496,3123
fd00::212:4b00:615:aaee,171,0,393,21905,17508,0,1492,3120
fd00::212:4b00:615:aaee,171,0,394,22381,17508,0,1492,3120
fd00::212:4b00:615:aaee,171,0,395,21905,17512,0,1492,3120
fd00::212:4b00:615:aaee,171,0,396,22381,17516,0,1492,3120
fd00::212:4b00:615:aaee,171,0,397,22143,17512,0,1492,3117
fd00::212:4b00:615:aaee,171,0,398,21905,17516,0,1492,3116
fd00::212:4b00:615:aaee,171,0,399,21905,17512,0,1492,3114
fd00::212:4b00:615:aaee,171,0,400,22143,17512,0,1492,3115
fd00::212:4b00:615:aaee,171,0,401,22143,17516,0,1492,3115
fd00::212:4b00:615:aaee,171,0,402,22143,17520,0,1492,3113
fd00::212:4b00:615:aaee,171,0,403,21905,17520,0,1488,3110
fd00::212:4b00:615:aaee,171,0,404,22143,17516,0,1488,3111
fd00::212:4b00:615:aaee,171,0,405,22381,17520,0,1492,3110
fd00::212:4b00:615:aaee,171,0,406,22381,17516,0,1496,3108
fd00::212:4b00:615:aaee,171,0,407,22143,17516,0,1496,3106
fd00::212:4b00:615:aaee,171,0,408,22381,17516,0,1496,3105
fd00::212:4b00:615:aaee,171,0,409,22381,17516,0,1492,3104
fd00::212:4b00:615:aaee,171,0,410,21905,17520,0,1492,3102
fd00::212:4b00:615:aaee,171,0,411,22143,17524,0,1492,3103
fd00::212:4b00:615:aaee,171,0,412,22143,17524,0,1492,3100
fd00::212:4b00:615:aaee,171,0,413,21905,17524,0,1492,3099
fd00::212:4b00:615:aaee,171,0,414,22143,17524,0,1496,3099
fd00::212:4b00:615:aaee,171,0,415,22143,17524,0,1492,3098
fd00::212:4b00:615:aaee,171,0,416,22143,17528,0,1492,3098
fd00::212:4b00:615:aaee,171,0,417,21905,17524,0,1492,3096
fd00::212:4b00:615:aaee,171,0,418,21905,17528,0,1492,3093
fd00::212:4b00:615:aaee,171,0,419,21905,17528,0,1488,3092
fd00::212:4b00:615:aaee,171,0,420,22143,17528,0,1492,3093
fd00::212:4b00:615:aaee,171,0,421,21905,17532,0,1496,3089
fd00::212:4b00:615:aaee,171,0,422,22143,17532,0,1496,3089
fd00::212:4b00:615:aaee,171,0,423,22143,17528,0,1496,3087
fd00::212:4b00:615:aaee,171,0,424,21905,17524,0,1492,3086
fd00::212:4b00:615:aaee,171,0,425,22143,17528,0,1496,3086
fd00::212:4b00:615:aaee,171,0,426,21905,17532,0,1492,3084
fd00::212:4b00:615:aaee,171,0,427,22143,17532,0,1492,3085
fd00::212:4b00:615:aaee,171,0,428,21905,17532,0,1492,3082
fd00::212:4b00:615:aaee,171,0,429,21905,17536,0,1492,3080
fd00::212:4b00:615:aaee,171,0,430,21905,17536,0,1492,3079
fd00::212:4b00:615:aaee,171,0,431,21905,17532,0,1492,3079
fd00::212:4b00:615:aaee,171,0,432,21905,17536,0,1492,3078
fd00::212:4b00:615:aaee,171,0,433,21905,17536,0,1488,3078
fd00::212:4b00:615:aaee,171,0,434,21667,17540,0,1488,3074
fd00::212:4b00:615:aaee,171,0,435,22143,17536,0,1492,3075
fd00::212:4b00:615:aaee,171,0,436,22143,17540,0,1492,3072
fd00::212:4b00:615:aaee,171,0,437,22143,17540,0,1496,3071
fd00::212:4b00:615:aaee,171,0,438,21905,17536,0,1496,3069
fd00::212:4b00:615:aaee,171,0,439,22143,17540,0,1492,3068
fd00::212:4b00:615:aaee,171,0,440,21905,17540,0,1496,3067
fd00::212:4b00:615:aaee,171,0,441,21905,17540,0,1492,3065
fd00::212:4b00:615:aaee,171,0,442,21905,17544,0,1492,3065
fd00::212:4b00:615:aaee,171,0,443,21667,17544,0,1492,3063
fd00::212:4b00:615:aaee,171,0,444,21905,17544,0,1492,3062
fd00::212:4b00:615:aaee,171,0,445,21905,17548,0,1492,3061
fd00::212:4b00:615:aaee,171,0,446,21905,17548,0,1492,3060
fd00::212:4b00:615:aaee,171,0,447,21667,17548,0,1492,3059
fd00::212:4b00:615:aaee,171,0,448,21667,17548,0,1488,3056
fd00::212:4b00:615:aaee,171,0,449,21905,17548,0,1488,3056
fd00::212:4b00:615:aaee,171,0,450,21667,17552,0,1488,3054
fd00::212:4b00:615:aaee,171,0,451,21905,17552,0,1492,3053
fd00::212:4b00:615:aaee,171,0,452,21667,17552,0,1492,3051
fd00::212:4b00:615:aaee,171,0,453,21905,17552,0,1496,3049
fd00::212:4b00:615:aaee,171,0,454,21905,17552,0,1496,3048
fd00::212:4b00:615:aaee,171,0,455,21667,17552,0,1492,3046
fd00::212:4b00:615:aaee,171,0,456,21905,17548,0,1492,3046
fd00::212:4b00:615:aaee,171,0,457,21667,17556,0,1492,3044
fd00::212:4b00:615:aaee,171,0,458,21905,17560,0,1492,3044
fd00::212:4b00:615:aaee,171,0,459,21667,17556,0,1488,3041
fd00::212:4b00:615:aaee,171,0,460,21667,17560,0,1492,3039
fd00::212:4b00:615:aaee,171,0,461,21667,17560,0,1492,3038
fd00::212:4b00:615:aaee,171,0,462,21667,17560,0,1488,3038
fd00::212:4b00:615:aaee,171,0,463,21667,17560,0,1488,3037
fd00::212:4b00:615:aaee,171,0,464,21905,17564,0,1492,3035
fd00::212:4b00:615:aaee,171,0,465,21667,17564,0,1488,3031
fd00::212:4b00:615:aaee,171,0,466,21905,17568,0,1492,3031
fd00::212:4b00:615:aaee,171,0,467,21905,17524,0,1492,3030
fd00::212:4b00:615:aaee,171,0,468,21905,17564,0,1496,3027
fd00::212:4b00:615:aaee,171,0,469,21667,17564,0,1492,3026
fd00::212:4b00:615:aaee,171,0,470,21667,17560,0,1492,3024
fd00::212:4b00:615:aaee,171,0,471,21667,17564,0,1492,3023
fd00::212:4b00:615:aaee,171,0,472,21667,17568,0,1492,3021
fd00::212:4b00:615:aaee,171,0,473,21667,17576,0,1488,3021
fd00::212:4b00:615:aaee,171,0,474,21429,17576,0,1488,3018
fd00::212:4b00:615:aaee,171,0,475,21667,17568,0,1492,3018
fd00::212:4b00:615:aaee,171,0,476,21667,17572,0,1492,3016
fd00::212:4b00:615:aaee,171,0,477,21667,17576,0,1492,3014
fd00::212:4b00:615:aaee,171,0,478,21429,17576,0,1492,3012
fd00::212:4b00:615:aaee,171,0,479,21429,17576,0,1488,3010
fd00::212:4b00:615:aaee,171,0,480,21429,17576,0,1488,3009
fd00::212:4b00:615:aaee,171,0,481,21429,17580,0,1488,3007
fd00::212:4b00:615:aaee,171,0,482,21905,17584,0,1492,3006
fd00::212:4b00:615:aaee,171,0,483,21429,17580,0,1492,3004
fd00::212:4b00:615:aaee,171,0,484,21667,17580,0,1492,3002
fd00::212:4b00:615:aaee,171,0,485,21667,17580,0,1492,3000
fd00::212:4b00:615:aaee,171,0,486,21429,17580,0,1492,2998
fd00::212:4b00:615:aaee,171,0,487,21667,17580,0,1492,2998
fd00::212:4b00:615:aaee,171,0,488,21429,17588,0,1492,2995
fd00::212:4b00:615:aaee,171,0,489,21667,17588,0,1488,2995
fd00::212:4b00:615:aaee,171,0,490,21429,17588,0,1488,2993
fd00::212:4b00:615:aaee,171,0,491,21429,17592,0,1488,2990
fd00::212:4b00:615:aaee,171,0,492,21191,17588,0,1492,2988
fd00::212:4b00:615:aaee,171,0,493,21429,17592,0,1492,2988
fd00::212:4b00:615:aaee,171,0,494,21429,17596,0,1488,2986
fd00::212:4b00:615:aaee,171,0,495,21429,17596,0,1488,2985
fd00::212:4b00:615:aaee,171,0,496,21191,17596,0,1488,2981
fd00::212:4b00:615:aaee,171,0,497,21667,17604,0,1488,2981
fd00::212:4b00:615:aaee,171,0,498,21667,17600,0,1488,2978
fd00::212:4b00:615:aaee,171,0,499,21667,17604,0,1492,2976
fd00::212:4b00:615:aaee,171,0,500,21429,17596,0,1492,2975
fd00::212:4b00:615:aaee,171,0,501,21429,17600,0,1488,2973
fd00::212:4b00:615:aaee,171,0,502,21191,17604,0,1492,2969
fd00::212:4b00:615:aaee,171,0,503,21429,17604,0,1492,2970
fd00::212:4b00:615:aaee,171,0,504,21667,17612,0,1488,2968
fd00::212:4b00:615:aaee,171,0,505,21429,17612,0,1488,2964
fd00::212:4b00:615:aaee,171,0,506,21429,17616,0,1488,2964
fd00::212:4b00:615:aaee,171,0,507,21429,17612,0,1492,2961
fd00::212:4b00:615:aaee,171,0,508,21429,17616,0,1488,2960
fd00::212:4b00:615:aaee,171,0,509,21191,17616,0,1492,2956
fd00::212:4b00:615:aaee,171,0,510,21191,17620,0,1488,2955
fd00::212:4b00:615:aaee,171,0,511,21191,17620,0,1488,2953
fd00::212:4b00:615:aaee,171,0,512,21191,17624,0,1488,2950
fd00::212:4b00:615:aaee,171,0,513,21429,17628,0,1492,2950
fd00::212:4b00:615:aaee,171,0,514,21191,17624,0,1488,2946
fd00::212:4b00:615:aaee,171,0,515,21429,17624,0,1488,2945
fd00::212:4b00:615:aaee,171,0,516,21429,17624,0,1488,2943
fd00::212:4b00:615:aaee,171,0,517,21191,17624,0,1492,2940
fd00::212:4b00:615:aaee,171,0,518,21429,17628,0,1488,2939
fd00::212:4b00:615:aaee,171,0,519,21191,17632,0,1488,2936
fd00::212:4b00:615:aaee,171,0,520,21191,17640,0,1492,2936
fd00::212:4b00:615:aaee,171,0,521,21191,17640,0,1488,2932
fd00::212:4b00:615:aaee,171,0,522,20953,17640,0,1488,2929
fd00::212:4b00:615:aaee,171,0,523,20953,17640,0,1488,2927
fd00::212:4b00:615:aaee,171,0,524,21191,17644,0,1488,2925
fd00::212:4b00:615:aaee,171,0,525,21191,17648,0,1488,2923
fd00::212:4b00:615:aaee,171,0,526,21191,17648,0,1488,2922
fd00::212:4b00:615:aaee,171,0,527,20953,17648,0,1488,2918
fd00::212:4b00:615:aaee,171,0,528,21191,17652,0,1488,2917
fd00::212:4b00:615:aaee,171,0,529,21191,17656,0,1488,2914
fd00::212:4b00:615:aaee,171,0,530,21191,17656,0,1492,2911
fd00::212:4b00:615:aaee,171,0,531,21191,17656,0,1492,2909
fd00::212:4b00:615:aaee,171,0,532,21191,17652,0,1488,2906
fd00::212:4b00:615:aaee,171,0,533,21191,17656,0,1488,2903
fd00::212:4b00:615:aaee,171,0,534,20953,17664,0,1492,2900
fd00::212:4b00:615:aaee,171,0,535,21191,17672,0,1488,2900
fd00::212:4b00:615:aaee,171,0,536,20953,17672,0,1488,2896
fd00::212:4b00:615:aaee,171,0,537,20953,17668,0,1488,2894
fd00::212:4b00:615:aaee,171,0,538,20953,17676,0,1488,2892
fd00::212:4b00:615:aaee,171,0,539,20953,17680,0,1492,2889
fd00::212:4b00:615:aaee,171,0,540,20953,17676,0,1488,2887
fd00::212:4b00:615:aaee,171,0,541,20715,17684,0,1488,2883
fd00::212:4b00:615:aaee,171,0,542,20953,17688,0,1488,2881
fd00::212:4b00:615:aaee,171,0,543,20953,17688,0,1488,2878
fd00::212:4b00:615:aaee,171,0,544,20953,17692,0,1488,2876
fd00::212:4b00:615:aaee,171,0,545,20715,17692,0,1488,2872
fd00::212:4b00:615:aaee,171,0,546,20953,17692,0,1484,2870
fd00::212:4b00:615:aaee,171,0,547,21191,17696,0,1488,2867
fd00::212:4b00:615:aaee,171,0,548,20715,17696,0,1488,2863
fd00::212:4b00:615:aaee,171,0,549,20953,17696,0,1488,2862
fd00::212:4b00:615:aaee,171,0,550,20715,17708,0,1488,2859
fd00::212:4b00:615:aaee,171,0,551,20953,17716,0,1488,2857
fd00::212:4b00:615:aaee,171,0,552,20715,17712,0,1488,2852
fd00::212:4b00:615:aaee,171,0,553,20715,17716,0,1488,2849
fd00::212:4b00:615:aaee,171,0,554,20715,17716,0,1488,2846
fd00::212:4b00:615:aaee,171,0,555,20953,17728,0,1488,2844
fd00::212:4b00:615:aaee,171,0,556,20715,17724,0,1488,2841
fd00::212:4b00:615:aaee,171,0,557,20715,17732,0,1484,2839
fd00::212:4b00:615:aaee,171,0,558,20715,17740,0,1488,2834
fd00::212:4b00:615:aaee,171,0,559,20953,17740,0,1488,2831
fd00::212:4b00:615:aaee,171,0,560,20953,17748,0,1484,2828
fd00::212:4b00:615:aaee,171,0,561,20715,17744,0,1488,2823
fd00::212:4b00:615:aaee,171,0,562,20953,17748,0,1492,2820
fd00::212:4b00:615:aaee,171,0,563,20953,17748,0,1488,2817
fd00::212:4b00:615:aaee,171,0,564,20715,17756,0,1488,2813
fd00::212:4b00:615:aaee,171,0,565,20477,17764,0,1484,2809
fd00::212:4b00:615:aaee,171,0,566,20715,17768,0,1488,2806
fd00::212:4b00:615:aaee,171,0,567,20477,17776,0,1484,2802
fd00::212:4b00:615:aaee,171,0,568,20715,17780,0,1488,2799
fd00::212:4b00:615:aaee,171,0,569,20715,17780,0,1488,2795
fd00::212:4b00:615:aaee,171,0,570,20477,17788,0,1488,2791
fd00::212:4b00:615:aaee,171,0,571,20477,17792,0,1488,2788
fd00::212:4b00:615:aaee,171,0,572,20477,17800,0,1484,2784
fd00::212:4b00:615:aaee,171,0,573,20477,17804,0,1488,2779
fd00::212:4b00:615:aaee,171,0,574,20477,17812,0,1484,2775
fd00::212:4b00:615:aaee,171,0,575,20715,17816,0,1488,2772
fd00::212:4b00:615:aaee,171,0,576,20477,17824,0,1488,2766
fd00::212:4b00:615:aaee,171,0,577,20477,17824,0,1492,2762
fd00::212:4b00:615:aaee,171,0,578,20715,17828,0,1488,2757
fd00::212:4b00:615:aaee,171,0,579,20239,17840,0,1488,2752
fd00::212:4b00:615:aaee,171,0,580,20477,17844,0,1488,2749
fd00::212:4b00:615:aaee,171,0,581,20239,17856,0,1488,2744
fd00::212:4b00:615:aaee,171,0,582,20477,17864,0,1484,2740
fd00::212:4b00:615:aaee,171,0,583,20239,17872,0,1484,2734
fd00::212:4b00:615:aaee,171,0,584,20239,17880,0,1488,2729
fd00::212:4b00:615:aaee,171,0,585,20239,17892,0,1488,2724
fd00::212:4b00:615:aaee,171,0,586,20239,17904,0,1484,2720
fd00::212:4b00:615:aaee,171,0,587,20239,17912,0,1488,2714
fd00::212:4b00:615:aaee,171,0,588,20239,17920,0,1484,2709
fd00::212:4b00:615:aaee,171,0,589,20000,17932,0,1488,2702
fd00::212:4b00:615:aaee,171,0,590,20239,17944,0,1488,2697
fd00::212:4b00:615:aaee,171,0,591,20239,17956,0,1488,2691
fd00::212:4b00:615:aaee,171,0,592,20239,17972,0,1492,2685
fd00::212:4b00:615:aaee,171,0,593,20239,17980,0,1492,2678
fd00::212:4b00:615:aaee,171,0,594,20239,17996,0,1488,2670
fd00::212:4b00:615:aaee,171,0,595,20239,18012,0,1488,2664
fd00::212:4b00:615:aaee,171,0,596,20000,18032,0,1488,2657
fd00::212:4b00:615:aaee,171,0,597,20239,18056,0,1488,2650
fd00::212:4b00:615:aaee,171,0,598,20000,18076,0,1488,2642
fd00::212:4b00:615:aaee,171,0,599,20000,18096,0,1492,2633
fd00::212:4b00:615:aaee,171,0,600,20000,18124,0,1492,2623
fd00::212:4b00:615:aaee,171,0,601,20000,18152,0,1492,2615
fd00::212:4b00:615:aaee,171,0,602,19762,18184,0,1492,2604
fd00::212:4b00:615:aaee,171,0,603,19762,18224,0,1492,2593
fd00::212:4b00:615:aaee,171,0,604,19762,18268,0,1492,2582
fd00::212:4b00:615:aaee,171,0,605,19762,18320,0,1492,2568
fd00::212:4b00:615:aaee,171,0,606,19762,18384,0,1496,2554
fd00::212:4b00:615:aaee,171,0,607,19524,18460,0,1496,2537
fd00::212:4b00:615:aaee,171,0,608,19524,18548,0,1500,2517
fd00::212:4b00:615:aaee,171,0,609,19524,18660,0,1500,2493
fd00::212:4b00:615:aaee,171,0,610,19286,18832,0,1500,2459
fd00::212:4b00:615:aaee,171,0,611,19286,19072,0,1504,2415
